costal	k ɑ s t l̩
antwerp	æ n t w ɝ p
liger	l a ɪ ɡ ɚ
instruct	ɪ n s t ɹ ʌ k t
hills	h ɪ l z
disruption	d ɪ s ɹ ʌ p ʃ ə n
condense	k ə n d ɛ n s
chlormethine	k l ɔ ɹ m ə θ i n
skype	s k a ɪ p
assoil	ə s ɔ ɪ l
arrears	ə ɹ ɪ ə ɹ z
coath	k o ʊ θ
heartbeat	h ɑ ɹ t b i t
hysteric	h ɪ s t ɛ ɹ ɪ k
yelped	j ɛ l p t
appreciable	ə p ɹ i ʃ ə b l
glaze	ɡ l e ɪ z
sinophobic	s a ɪ n ə f o ʊ b ɪ k
helve	h ɛ l v
swop	s w ɑ p
lode	l o ʊ d
acceptant	æ k s ɛ p t ə n t
enormity	ɪ n ɔ ɹ m ɪ t i
slava	s l ɑ v ə
peptidomimetic	p ɛ p t a ɪ d o ʊ m ɪ m ɛ t ɪ k
locate	l o ʊ k e ɪ t
electrical	ɪ l ɛ k t ɹ ɪ k ə l
hand	h æ n d
patrolled	p ə t ɹ o ʊ l d
concomitant	k ə n k ɑ m ə t ə n t
clippings	k l ɪ p ɪ ŋ z
reak	ɹ i k
colleague	k ɑ l i ɡ
postcognition	p o ʊ s t k ɔ ɡ n ɪ ʃ ə n
pharmacologist	f ɑ ɹ m ə k ɔ l ə d͡ʒ ɪ s t
knelt	n ɛ l t
baronage	b æ ɹ ə n ɪ d͡ʒ
tetrahydrocannabinol	t ɛ t ɹ ə h a ɪ d ɹ ə k ə n æ b ə n ɔ l
daedal	d i d ə l
raster	ɹ æ s t ɚ
celesta	s ə l ɛ s t ə
mereology	m ɪ ə ɹ i ɔ l ə d͡ʒ i
premium	p ɹ i m i ə m
gallienus	ɡ æ l i ɛ n ə s
burley	b ɜ ɹ l i
beckoned	b ɛ k ə n d
hormone	h ɔ ɹ m o ʊ n
matilda	m ə t ɪ l d ə
centromere	s ɛ n t ɹ ə m i ɚ
iatmul	j ɑ t m ʊ l
computing	k ə m p j u t ɪ ŋ
realm	ɹ ɛ l m
located	l o ʊ k e ɪ t ɪ d
tapestry	t æ p ə s t ɹ i
promoting	p ɹ ə m o ʊ t ɪ ŋ
erratically	ɪ ɹ æ t ɪ k l i
pukka	p ə k ə
politician	p ɑ l ɪ t ɪ ʃ ə n
guanaco	ɡ w ə n ɑ k o ʊ
labrish	l æ b ɹ ɪ ʃ
cabby	k æ b i
fanciful	f æ n s ɪ f ə l
instil	ɪ n s t ɪ l
estimation	ɛ s t ɪ m e ɪ ʃ ə n
thriller	θ ɹ ɪ l ɚ
reached	ɹ i t͡ʃ t
latten	l æ t ə n
helluva	h ɛ l ə v ə
orangutang	ə ɹ æ ŋ u t æ ŋ
bliss	b l ɪ s
housed	h a ʊ z d
asswipe	æ s w a ɪ p
nimodipine	n ɪ m o ʊ d ɪ p i n
salyut	s ɑ l j u t
laird	l ɛ ɹ d
brits	b ɹ ɪ t s
gullible	ɡ ʌ l ɪ b l̩
nigga	n ɪ ɡ ə
hackney	h æ k n i
wigwag	w ɪ ɡ w æ ɡ
ropes	ɹ o ʊ p s
terrifying	t ɛ ɹ ɪ f a ɪ ɪ ŋ
dormitory	d ɔ ɹ m ɪ t ɔ ɹ i
knoll	n o ʊ l
intermit	ɪ n t ɚ m ɪ t
kirkcaldy	k ə ɹ k ɔ d i
solution	s ə l j u ʃ ə n
sadomasochism	s e ɪ d o ʊ m æ s ə k ɪ z ə m
pretence	p ɹ i t ɛ n s
hellbound	h ɛ l b a ʊ n d
disinfection	d ɪ s ɪ n f ɛ k ʃ ə n
wearhead	w ɪ ə ɹ h ɛ d
clams	k l æ m z
befezzed	b ə f ɛ z d
cor	k ɔ ɹ
ectypal	ɛ k t a ɪ p ə l
entourage	ɑ n t ə ɹ ɑ ʒ
slaggy	s l æ ɡ i
breezed	b ɹ i z d
reification	ɹ e ɪ ə f ə k e ɪ ʃ ə n
reciprocal	ɹ ɪ s ɪ p ɹ ə k ə l
traits	t ɹ e ɪ t s
irwin	ɝ w ɪ n
affidavit	æ f ɪ d e ɪ v ɪ t
crashing	k ɹ æ ʃ ɪ ŋ
labeouf	l ə b ʌ f
pepperoni	p ɛ p ə ɹ o ʊ n i
costard	k ɔ s t ə ɹ d
merullo	m ə ɹ u l o ʊ
spirometer	s p a ɪ ɹ ɑ m ə t ɚ
enchorial	ɛ n k ɔ ɹ i ə l
tardis	t ɑ ɹ d ɪ s
ablepharon	æ b l ɛ f ə ɹ ɑ n
klecksography	k l ɛ k s ɔ ɡ ɹ ə f i
winning	w ɪ n ɪ ŋ
firkin	f ɝ k ɪ n
zambia	z æ m b i ə
consumption	k ə n s ʌ m p ʃ ə n
misbelieving	m ɪ s b ɪ l i v ɪ ŋ
glazed	ɡ l e ɪ z d
quadraturist	k w ɔ d ɹ ə t͡ʃ ə ɹ ɪ s t
equally	i k w ə l i
abb	æ b
optical	ɑ p t ɪ k ə l
vine	v a ɪ n
amygdalas	ə m ɪ ɡ d ə l ə z
cosy	k o ʊ z i
pridnestrovie	p r i d n ɛ s t r o ʊ v j e ɪ
muon	m j u ɔ n
incoherence	ɪ n k o ʊ h ɪ ə ɹ ə n s
blushingly	b l ʌ ʃ ɪ ŋ l i
induction	ɪ n d ʌ k ʃ ə n
chez	ʃ e ɪ
venerate	v ɛ n ə ɹ e ɪ t
bunny	b ʌ n i
dare	d ɛ ɹ
deciding	d ɪ s a ɪ d ɪ ŋ
twitcher	t w ɪ t͡ʃ ə ɹ
eusebius	j u s i b i ə s
koilocytosis	k ɔ ɪ l ə s a ɪ t o ʊ s ɪ s
sligo	s l a ɪ ɡ o ʊ
gym	d͡ʒ ɪ m
gluconeogenic	ɡ l u k o ʊ n i o ʊ d͡ʒ ɛ n ɪ k
neff	n ɛ f
sac	s æ k
qazvin	k æ z v i n
stapler	s t e ɪ p l ə ɹ
tachocline	t a k o k l a ɪ n
cubic	k j u b ɪ k
introspective	ɪ n t ɹ o ʊ s p ɛ k t ɪ v
hob	h ɑ b
brest	b ɹ ɛ s t
pecuniary	p ə k j u n i ɛ ɹ i
animosity	æ n ə m ɑ s ɪ t i
hummings	h ʌ m ɪ ŋ z
helplessly	h ɛ l p l ə s l i
accruable	ə k ɹ u ə b ə l
bypass	b a ɪ p æ s
bolder	b o ʊ l d ə ɹ
hourly	a ʊ̯ ɚ l i
brumous	b ɹ u m ə s
assembly	ə s ɛ m b l i
palillogy	p ə l ɪ l ə d͡ʒ i
bye	b a ɪ
imps	ɪ m p s
lodging	l ɑ d͡ʒ ɪ ŋ
veiny	v e ɪ n i
halfway	h æ f w e ɪ
deport	d ɪ p ɔ ɹ t
troupial	t ɹ u p ɪ ə l
ingrowth	ɪ n ɡ r o ʊ θ
truchman	t ɹ ʌ t͡ʃ m ə n
scuttlebug	s k ʌ t ə l b ʌ ɡ
furnish	f ɝ n ɪ ʃ
cobbett	k ɔ b ɪ t
collected	k ə l ɛ k t ɪ d
spared	s p ɛ ɹ d
poignant	p ɔ ɪ n j ə n t
slipped	s l ɪ p t
sewell	s u ə l
touched	t ʌ t͡ʃ t
bittersweet	b ɪ t ɚ s w i t
comey	k o ʊ m i
bordeaux	b ɔ ɹ d o ʊ
saracen	s æ ɹ ə s ə n
pendice	p ɛ n d ɪ s
copeman	k o ʊ p m ə n
invest	ɪ n v ɛ s t
gaba	ɡ æ b ə
furciferous	f ə ɹ s ɪ f ə ɹ ə s
swink	s w ɪ ŋ k
distinguished	d ɪ s t ɪ ŋ ɡ w ɪ ʃ t
footle	f u t ə l
thriving	θ ɹ a ɪ v ɪ ŋ
ionize	a ɪ ə n a ɪ z
carnivorously	k ɑ ɹ n ɪ v ə ɹ ə s l i
strong	s t ɹ ɔ ŋ
combustionary	k ə m b ʌ s t͡ʃ ə n ɛ ɹ i
bettor	b ɛ t ɚ
alcaide	æ l k a ɪ d i
clutchings	k l ʌ t͡ʃ ɪ ŋ z
imped	ɪ m p t
exceptions	ə k s ɛ p ʃ ə n z
scrimshander	s k ɹ ɪ m ʃ æ n d ə
velvety	v ɛ l v ə t i
unreasonable	ʌ n ɹ i z ə n ə b l̩
hah	h ɑ
salvation	s æ l v e ɪ ʃ ə n
boink	b ɔ ɪ ŋ k
euphonious	j u f o ʊ n i ə s
raymond	ɹ e ɪ m ə n d
aberuncate	æ b ə ɹ ʌ ŋ k e ɪ t
rhetorician	ɹ ɛ t ə ɹ ɪ ʃ ə n
kontor	k ɑ n t ɔ ɹ
teachy	t i t͡ʃ i
mammiferous	m æ m ɪ f ə ɹ ə s
sleuthhound	s l u θ h a ʊ n d
versatility	v ə ɹ s ə t ɪ l ɪ t i
elder	ɛ l d ɚ
fungo	f ʌ ŋ ɡ o ʊ
millions	m ɪ l j ə n z
havana	h ə v æ n ə
boggle	b ɑ ɡ ə l
born	b ɔ ɹ n
neutrophilia	n j u t ɹ ə f ɪ l ɪ ə
blooper	b l u p ɚ
berkhamsted	b ɜ ɹ k ə m s t ɛ d
ulyanovsk	ʊ l j ɑ n ɔ f s k
woulda	w ʊ d ə
emodepside	ɛ m ə d ɛ p s a ɪ d
bloating	b l o ʊ t ɪ ŋ
zikawei	z i k ɑ w e ɪ
certainty	s ɝ t n̩ t i
frances	f ɹ æ n s ɪ z
bulk	b ʌ l k
bryozoan	b ɹ ɑ ɪ ə z o ʊ ə n
imbros	ɪ m b ɹ ɔ s
saucery	s ɔ s ə ɹ i
crushed	k ɹ ʌ ʃ t
interjacence	ɪ n t ə ɹ d͡ʒ e ɪ s ə n s
backwardly	b æ k w ɚ d l i
charadriidae	t͡ʃ æ ɹ ə d ɹ a ɪ ɪ d ɪ
sinking	s ɪ ŋ k ɪ ŋ
nomen	n o ʊ m ə n
kick	k ɪ k
graced	ɡ ɹ e ɪ s t
nicotine	n ɪ k ə t i n
incidents	ɪ n s ɪ d ə n t s
korephile	k ɔ ɹ ɪ f a ɪ l
roque	ɹ o ʊ k
demo	d ɛ m o ʊ
missing	m ɪ s ɪ ŋ
tenacious	t ə n e ɪ ʃ ə s
nobles	n o ʊ b l̩ z
caller	k ɔ l ɚ
adjudicator	æ d͡ʒ u d ɪ k e ɪ t ɔ ɹ
tentatively	t ɛ n t ə t ɪ v l i
completely	k ə m p l i t l i
campy	k æ m p i
hagged	h æ ɡ d
yikes	j a ɪ k s
depression	d ə p ɹ ɛ ʃ ə n
pigtail	p ɪ ɡ t e ɪ l
bullock	b ʊ l ə k
insidiously	ɪ n s ɪ d i ə s l i
published	p ʌ b l ɪ ʃ t
maliseet	m æ l ə s i t
emtricitabine	ɛ m t ɹ ɪ s a ɪ t ə b i n
starkable	s t ɑ ɹ k ə b ə l
monologic	m ɑ n ə l ɑ d͡ʒ ɪ k
acle	e ɪ k ə l
misordering	m ɪ s ɔ ɹ d ə ɹ ɪ ŋ
confetti	k ə n f ɛ t i
deviceful	d ɪ v a ɪ s f ə l
creeded	k ɹ i d ɪ d
continuously	k ə n t ɪ n j u ə s l i
lemniscus	l ɛ m n ɪ s k ə s
lymecycline	l a ɪ m ə s a ɪ k l i n
guilting	ɡ ɪ l t ɪ ŋ
persuasion	p ɚ s w e ɪ ʒ ə n
gotta	ɡ ɑ t ə
kneel	n i l
yelping	j ɛ l p ɪ ŋ
irrespective	ɪ ɹ ɪ s p ɛ k t ɪ v
bewilderment	b ɪ w ɪ l d ə ɹ m ə n t
climax	k l a ɪ m æ k s
linus	l a ɪ n ə s
baud	b ɔ d
abocclusion	æ b o ʊ k l u ʒ n̩
paregoric	p ɛ ɹ ɪ ɡ ɔ ɹ ɪ k
delving	d ɛ l v ɪ ŋ
kim	k ɪ m
strategist	s t ɹ æ t ə d͡ʒ ɪ s t
socrates	s ɑ k ɹ ə t i z
admired	ə d m a ɪ ɹ d
carnaroli	k ɑ ɹ n ə ɹ o ʊ l i
duppy	d ʌ p i
auranofin	ɔ ɹ æ n ə f ɪ n
publicize	p ʌ b l ɪ s a ɪ z
dummy	d ʌ m i
sooner	s u n ɚ
debuts	d e ɪ b j u z
banishment	b æ n ɪ ʃ m ə n t
mycologist	m a ɪ k ɑ l ə d͡ʒ ɪ s t
promote	p ɹ ə m o ʊ t
baddie	b æ d i
portadown	p ɔ ɹ t ə d a ʊ n
guides	ɡ a ɪ d z
ioannina	j ɔ ɑ n i n ɑ
condominium	k ɑ n d ə m ɪ n i ə m
pocklington	p ɔ k l ɪ ŋ t ə n
ejulation	ɛ d͡ʒ ʊ l e ɪ ʃ ə n
impend	ɪ m p ɛ n d
errant	ɛ ɹ ə n t
fiefs	fː i f s
seymour	s i m ɔ ɹ
antsy	æ n t s i
fistle	f ɪ s ə l
papenburg	p æ p ə n b ɜ ɡ
sexes	s ɛ k s ɪ z
invariable	ɪ n v ɛ ɹ i ə b l̩
enhance	ɪ n h æ n s
convince	k ə n v ɪ n s
reconnoiters	ɹ ɛ k ə n ɔ ɪ t ɚ s
azores	e ɪ z ɔ ɹ z
tribal	t ɹ a ɪ b ə l
hexagram	h ɛ k s ə ɡ ɹ æ m
gliflozin	ɡ l ɪ f l o ʊ z ɪ n
theomachist	θ i ɑ m æ k ɪ s t
pinho	p ɪ n o ʊ
motherly	m ʌ ð ɚ l i
hopeful	h o ʊ p f ə l
highly	h a ɪ l i
antiope	æ n t a ɪ ə p i
gaming	ɡ e ɪ m ɪ ŋ
rune	ɹ u n
override	o ʊ v ə ɹ ɹ a ɪ d
loggerhead	l ɔ ɡ ɚ h ɛ d
burglary	b ɜ ɹ ɡ l ə ɹ i
lonely	l o ʊ n l i
pixelated	p ɪ k s ə l e ɪ t ə d
sag	s æ ɡ
pandemic	p æ n d ɛ m ɪ k
archaicity	ɑ ɹ k e ɪ ɪ s ɪ t i
creed	k ɹ i d
kicks	k ɪ k s
fireman	f a ɪ ɹ m ə n
kore	k ɔ ɹ e ɪ
avril	æ v ɹ ɪ l
convincing	k ə n v ɪ n s ɪ ŋ
spiny	s p a ɪ n i
phonologise	f ə n ɔ l ə d͡ʒ a ɪ z
spunk	s p ʌ ŋ k
creeds	k ɹ i d z
relevant	ɹ ɛ l ə v ə n t
funkadelic	f ʌ ŋ k ə d ɛ l ɪ k
jesuit	d͡ʒ ɛ z u ɪ t
baxter	b æ k s t ɚ
spud	s p ʌ d
abednego	ə b ɛ d n ɪ ɡ o ʊ
gifted	ɡ ɪ f t ɪ d
profundity	p ɹ ə f ʌ n d ɪ t i
spate	s p e ɪ t
bursting	b ɝ s t ɪ ŋ
palaic	p ə l e ɪ ɪ k
newton	n j u t ə n
dace	d e ɪ s
mitanni	m ɪ t æ n i
yups	j ʌ p s
nanoelement	n æ n o ʊ ɛ l ə m ɪ n t
selected	s ɪ l ɛ k t ɪ d
otorhinolaryngologist	ɑ t ɔ ɹ a j n o l æ ɹ ɪ ŋ ɡ ɑ l ə d͡ʒ ɪ s t
saphead	s æ p h ɛ d
miff	m ɪ f
debit	d ɛ b ɪ t
gaga	ɡ ɑ ɡ ɑ
sketch	s k ɛ t͡ʃ
rayon	ɹ e ɪ ɔ n
fed	f ɛ d
moderator	m ɔ d ə ɹ e ɪ t ə ɹ
scran	s k ɹ a n
abanic	ə b æ n ɪ k
moonlight	m u n l a ɪ t
maple	m e ɪ p l̩
guiding	ɡ a ɪ d ɪ ŋ
sophistication	s ə f ɪ s t ɪ k e ɪ ʃ ə n
omen	o ʊ m ə n
titfer	t ɪ t f ɚ
strident	s t ɹ a ɪ d ə n t
hague	h e ɪ ɡ
trumpland	t ɹ ʌ m p l æ n d
exultation	ɛ ɡ z ʌ l t e ɪ ʃ ə n
chelicera	k ə l ɪ s ə ɹ ə
magazines	m æ ɡ ə z i n z
partook	p ɑ ɹ t u k
clutter	k l ʌ t ɚ
imbricated	ɪ m b ɹ ɪ k e ɪ t ɪ d
national	n æ ʃ ə n ə l
glazing	ɡ l e ɪ z ɪ ŋ
ducat	d ʌ k ə t
antler	æ n t l ɚ
beckons	b ɛ k ə n z
twit	t w ɪ t
calumet	k æ l j ʊ m ɛ t
techno	t ɛ k n o ʊ
shimmer	ʃ ɪ m ə ɹ
gars	ɡ ɑ ɹ z
redundant	ɹ ɪ d ʌ n d ə n t
webs	w ɛ b z
safety	s e ɪ f t i
ins	ɪ n z
duffel	d ʌ f ə l
academic	æ k ə d ɛ m ɪ k
contemplated	k ɑ n t ə m p l e ɪ t ɪ d
snackery	s n æ k ə ɹ i
hecka	h ɛ k ə
feudal	f j u d ə l
timing	t a ɪ m ɪ ŋ
betcha	b ɛ t͡ʃ ə
invite	ɪ n v a ɪ t
culm	k ʌ l m
teller	t ɛ l ə ɹ
dessert	d ɪ z ɝ t
tinge	t ɪ n d͡ʒ
nootkatone	n u t k ə t o ʊ n
stringbeany	s t ɹ ɪ ŋ b i n i
yardman	j ɑ ɹ d m ə n
snowflake	s n o ʊ f l e ɪ k
sunny	s ʌ n i
engore	ɪ ŋ ɡ ɔ ɹ
twangle	t w æ ŋ ɡ ə l
syncope	s ɪ ŋ k ə p i
kelly	k ɛ l i
intersect	ɪ n t ɚ s ɛ k t
lithe	l a ɪ ð
varsovian	v ɑ ɹ s o ʊ v i ə n
includes	ɪ n k l u d z
liberty	l ɪ b ɚ t i
steers	s t ɪ ə ɹ z
catnip	k a t n ɪ p
mandate	m æ n d e ɪ t
ignominious	ɪ ɡ n ə m ɪ n ɪ ə s
lectical	l ɛ k t ɪ k ə l
pastrami	p ə s t ɹ ɑ m i
obdormition	ɑ b d ɔ ɹ m ɪ ʃ ə n
chamaephyte	k æ m i f a ɪ t
earache	ɪ ɹ e ɪ k
hyades	h a ɪ ə d i z
rectory	ɹ ɛ k t ə ɹ i
ecological	i k ə l ɔ d͡ʒ ɪ k l̩
hakka	h ɑ k ə
brewing	b ɹ u ɪ ŋ
shipp	ʃ ɪ p
secession	s ə s ɛ ʃ ə n
panacea	p æ n ə s i ə
tokenize	t o ʊ k ə n a ɪ z
shizzle	ʃ ɪ z ə l
brachydactylous	b ɹ æ k ɪ d æ k t ɪ l ə s
greaves	ɡ ɹ i v z
sixteenth	s ɪ k s t i n θ
returning	ɹ ɪ t ɝ n ɪ ŋ
anabolic	æ n ə b ɑ l ɪ k
rebirth	ɹ i b ɝ θ
umbratious	ʌ m b ɹ e ɪ ʃ ə s
acanthostyle	ə k æ n θ ə s t a ɪ l
planctomycete	p l æ ŋ k t ə m a ɪ s i t
miscarry	m ɪ s k æ ɹ i
revengeful	ɹ ɪ v ɛ n d͡ʒ f ʊ l
sinic	s ɪ n ɪ k
hemicryptophyte	h ɛ m ɪ k ɹ ɪ p t o ʊ f a ɪ t
vimineous	v ɪ m ɪ n i ə s
hellespont	h ɛ l ɪ s p ɑ n t
lenses	l ɛ n z ɪ z
springe	s p ɹ ɪ n d͡ʒ
aroused	ə ɹ a ʊ z d
reticule	ɹ ɛ t ɪ k j u l
patio	p æ t i o ʊ
scalpel	s k æ l p ə l
toughen	t ʌ f ə n
decad	d ɛ k æ d
approximately	ə p ɹ ɑ k s ɪ m ə t l i
rock	ɹ ɑ k
aquatecture	ɑ k w ə t ɛ k t͡ʃ ɚ
cheating	t͡ʃ i t ɪ ŋ
sombrero	s ɑ m b ɹ ɛ ɹ o ʊ
dight	d a ɪ t
thole	θ o ʊ l
flubbed	f l ʌ b d
kernel	k ɝ n ə l
outlook	a ʊ t l ʊ k
gusts	ɡ ʌ s t s
taxidermy	t æ k s ɪ d ɚ m i
ouster	a ʊ s t ə ɹ
pawprint	p ɔ p ɹ ɪ n t
lodge	l ɑ d͡ʒ
skippable	s k ɪ p ə b l̩
jabber	d͡ʒ æ b ə ɹ
characteristic	k ɛ ɹ ə k t ə ɹ ɪ s t ɪ k
trent	t ɹ ɛ n t
amusingly	ə m j u z ɪ ŋ l i
bigelow	b ɪ ɡ ə l o ʊ
pinochle	p i n ʌ k l̩
historians	h ɪ s t ɔ ɹ i ə n z
bulked	b ʌ l k t
bailiffs	b e ɪ l ɪ f s
asper	æ s p ə ɹ
glenealy	ɡ l ɛ n i l i
anchorage	æ ŋ k ə ɹ ɪ d͡ʒ
ecdysiast	ɛ k d ɪ z i æ s t
inanimate	ɪ n æ n ɪ m ə t
dartboard	d ɑ ɹ t b ɔ ɹ d
tub	t ʌ b
crashes	k ɹ æ ʃ ɪ z
haywire	h e ɪ w a ɪ ɚ
juco	d͡ʒ u k o ʊ
psychokinesis	s a ɪ k o ʊ k ɪ n i s ɪ s
exocommunication	ɛ ɡ z ɔ k ʌ m j u n ɪ k e ɪ ʃ ə n
estradiol	ɛ s t ɹ ə d a ɪ ɔ l
neatherd	n i t h ɚ d
apodictic	a p o ʊ d ɪ k t ɪ k
negress	n i ɡ ɹ ɪ s
quinidine	k w ɪ n ɪ d i n
rotavirus	ɹ o ʊ t ə v a ɪ ɹ ə s
glagolitic	ɡ l æ ɡ ə l ɪ t ɪ k
casimir	k æ z ɪ m ɪ ə ɹ
ingle	ɪ ŋ ɡ ə l
concluded	k ə n k l u d ɪ d
mollify	m ɔ l ɪ f a ɪ
ballad	b æ l ə d
pice	p a ɪ s
pun	p ʌ n
bumpings	b ʌ m p ɪ ŋ z
perlocution	p ɜ ɹ l ə k j u ʃ ə n
agglutinative	ə ɡ l u t ɪ n ə t ɪ v
vosges	v o ʊ ʒ
considering	k ə n s ɪ d ə ɹ ɪ ŋ
sphex	s f ɛ k s
prevenge	p ɹ ɪ v ɛ n d͡ʒ
thales	θ e ɪ l i z
ecuador	ɛ k w ə d ɔ ɹ
sprawly	s p ɹ ɔ l i
feverishly	f i v ɚ ɪ ʃ l i
laudableness	l ɔ d ə b ə l n ɪ s
usonian	j u s o ʊ n i ə n
tirade	t a ɪ ɹ e ɪ d
sprayer	s p ɹ e ɪ ɚ
lamotrigine	l ə m ɑ t ɹ ɪ d͡ʒ i n
omg	o ʊ ɛ m d͡ʒ i
intelligent	ɪ n t ɛ l ɪ d͡ʒ ə n t
chirr	t͡ʃ ɝ
lombardy	l ɑ m b ə ɹ d i
syrian	s ɪ ɹ i ə n
inquiring	ɪ n k w a ɪ ɹ ɪ ŋ
patriotism	p e ɪ t ɹ i ə t ɪ z ə m
aroint	ə ɹ ɔ ɪ n t
orgone	ɔ ɡ o ʊ n
flubbing	f l ʌ b ɪ ŋ
vfat	v i f æ t
gymnastic	d͡ʒ ɪ m n æ s t ɪ k
pointing	p ɔ ɪ n t ɪ ŋ
kashan	k ɑ ʃ ɑ n
perahu	p ɹ ɑ h u
loosely	l u s l i
lingua	l ɪ ŋ ɡ w ə
adr	e ɪ d i ɑ ɹ
fused	f j u z d
inexpiate	ɪ n ɛ k s p i ə t
indignation	ɪ n d ɪ ɡ n e ɪ ʃ ə n
ulna	ʌ l n ə
waff	w æ f
swap	s w ɔ p
altaic	æ l t e ɪ ɪ k
cloze	k l o ʊ z
metanym	m ɛ t ə n ɪ m
heroic	h ɪ ɹ o ʊ ɪ k
injective	ɪ n d͡ʒ ɛ k t ɪ v
mucigenous	m j u s ɪ d͡ʒ ɪ n ə s
public	p ʌ b l ɪ k
pharmacological	f ɑ ɹ m ə k ə l ɔ d͡ʒ ɪ k ə l
snappy	s n æ p i
pamphlet	p æ m f l ɪ t
plastron	p l æ s t ɹ ə n
tasteful	t e ɪ s t f ə l
leal	l i l
mulligatawny	m ʌ l i ɡ ə t ɔ n i
hunting	h ʌ n t ɪ ŋ
cryptozoology	k ɹ ɪ p t o ʊ z o ʊ ɔ l ə d͡ʒ i
galore	ɡ ə l ɔ ɹ
crunchie	k ɹ ʌ n t͡ʃ i
forthset	f ɔ ɹ θ s ɛ t
happened	h æ p ə n d
vacuous	v æ k j u ə s
linty	l ɪ n t i
machoness	m ɑ t͡ʃ o n ə s
comprehensivization	k ɔ m p ɹ ɪ h ɛ n s ɪ v a ɪ z e ɪ ʃ ə n
gardenia	ɡ ɑ ɹ d i n j ə
mikveh	m ɪ k v ə
hoopy	h u p i
precisive	p ɹ i s a ɪ s ɪ v
monoamine	m ɔ n o ʊ e ɪ m i n
akasa	ɑ k ɑ ʃ ə
datary	d e ɪ t ə ɹ i
liar	l a ɪ ɚ
beaver	b i v ɚ
blacktop	b l æ k t ɔ p
megillah	m ə ɡ ɪ l ə
wail	w e ɪ l
condescension	k ɑ n d i s ɛ n ʃ ə n
aftereffect	æ f t ə ɹ ə f ɛ k t
majorette	m e ɪ d͡ʒ ə ɹ ɛ t
trashiness	t ɹ æ ʃ ɪ n ə s
underpitch	ʌ n d ə ɹ p ɪ t͡ʃ
stfandom	s t ɛ f æ n d ə m
percussive	p ɚ k ʌ s ɪ v
formalism	f ɔ ɹ m l̩ ɪ z m̩
bicrural	b a ɪ k ɹ ʊ ɹ ə l
jade	d͡ʒ e ɪ d
unbirthday	ʌ n b ɝ θ d e ɪ
cranial	k ɹ e ɪ n i ə l
brims	b ɹ ɪ m z
salian	s e ɪ l i ə n
warfare	w ɔ ɹ f ɛ ɹ
canola	k ə n o ʊ l ə
biscotto	b ɪ s k ɑ t o ʊ
eavesdrop	i v z d ɹ ɑ p
durbin	d ɜ ɹ b ɪ n
chesting	t͡ʃ ɛ s t ɪ ŋ
inveigh	ɪ n v e ɪ
criminalization	k ɹ ɪ m ɪ n ə l a ɪ z e ɪ ʃ ə n
shoelace	ʃ u l e ɪ s
homes	h o ʊ m z
synthesis	s ɪ n θ ə s ɪ s
stripe	s t͡ʃ ɹ ʌ ɪ p
mined	m a ɪ n d
some	s ʌ m
motivate	m o ʊ t ɪ v e ɪ t
bootsy	b u t s i
commonly	k ɑ m ə n l i
group	ɡ ɹ u p
knives	n a ɪ v z
chanter	t͡ʃ æ n t ɚ
eminently	ɛ m ɪ n ə n t l i
incontiguous	ɪ n k ə n t ɪ ɡ j u ə s
febricitant	f ɪ b ɹ ɪ s ɪ t ə n t
cardistry	k ɑ ɹ d ɪ s t ɹ i
emerald	ɛ m ə ɹ ə l d
abkhas	æ b k ɑ s
selena	s ə l i n ə
trek	t ɹ ɛ k
mecamylamine	m ɛ k ə m ɪ l ə m i n
astrand	ə s t ɹ æ n d
hydrolysate	h a ɪ d ɹ ɔ l ɪ s ə t
markets	m ɑ ɹ k ɪ t s
macedonia	m æ s ə d o ʊ n i ə
tater	t e ɪ t ɚ
cabana	k ə b æ n ə
iceberg	a ɪ s b ɝ ɡ
gingerbread	d͡ʒ ɪ n d͡ʒ ɚ b ɹ ɛ d
crazy	k ɹ e ɪ z i
hobo	h o ʊ b o ʊ
duplication	d j u p l ɪ k e ɪ ʃ ə n
krai	k ɹ a ɪ̯
donnybrook	d ɔ n ɪ b ɹ ʊ k
booky	b ʊ k i
exceed	ɪ k s i d
mascot	m æ s k ɑ t
statute	s t æ t͡ʃ u t
cywydd	k ʌ w ɪ ð
transmogrify	t ɹ æ n z m ɑ ɡ ɹ ɪ f a ɪ
morale	m ə ɹ æ l
saprophyte	s æ p ɹ o ʊ f a ɪ t
leis	l e ɪ z
winked	w ɪ ŋ k t
web	w ɛ b
standpoint	s t æ n d p ɔ ɪ n t
chaat	t͡ʃ ɑ t
spectral	s p ɛ k t ɹ ə ɫ
iproclozide	a ɪ p ɹ o ʊ k l ə z a ɪ d
apogee	æ p ə d͡ʒ i
clash	k l æ ʃ
anew	ə n u
later	l e ɪ t ɚ
ferm	f ɜ ɹ m
triassic	t ɹ a ɪ æ s ɪ k
floridian	f l ɔ ɹ ɪ d i ə n
clarithromycin	k l ə ɹ ɪ θ ɹ ə m a ɪ s n̩
trekkie	t ɹ ɛ k i
pictures	p ɪ k t͡ʃ ə z
parch	p ɑ ɹ t͡ʃ
odors	o ʊ d ɚ z
conlanging	k ɑ n l æ ŋ ɪ ŋ
epidendroid	ɛ p ɪ d ɛ n d ɹ ɔ ɪ d
paedobaptism	p ɛ d o ʊ b æ p t ɪ z ə m
weighted	w e ɪ t ɪ d
marmennill	m ɑ ɹ m ə n ɪ l
salagrama	ʃ aː l aː ɡ ɹ aː m ə
austronesian	ɔ s t ɹ o ʊ n i ʒ ə n
tay	t e ɪ
christkindl	k ɹ ɪ s t k ɪ n d ə l
nictitating	n ɪ k t ɪ t e ɪ t ɪ ŋ
jackalope	d͡ʒ æ k ə l o ʊ p
opacity	o ʊ p æ s ɪ t i
creeped	k ɹ i p t
scallywag	s k æ l ɪ w æ ɡ
abdicated	æ b d ɪ k e ɪ t ɪ d
three	θ ɹ i
shelley	ʃ ɛ l i
blabber	b l æ b ə ɹ
frikadelle	f ɹ ɪ k ə d ɛ l ə
preparation	p ɹ ɛ p ə ɹ e ɪ ʃ ə n
widower	w ɪ d o ʊ ɚ
strickle	s t r ɪ k l̩
bid	b ɪ d
democratic	d ɛ m ə k ɹ æ t ɪ k
market	m ɑ ɹ k ɪ t
vasoplegia	v e ɪ z o ʊ p l i d͡ʒ i ə
arouse	ə ɹ a ʊ z
inclusive	ɪ n k l u s ɪ v
endemic	ɛ n d ɛ m ɪ k
naufal	n ɔ f ə ɫ
aimings	e ɪ m ɪ ŋ z
sehnsucht	z e ɪ n z ʊ x t
clumpings	k l ʌ m p ɪ ŋ z
cowpea	k a ʊ p i
things	θ ɪ ŋ z
cribellum	k ɹ ɪ b ɛ l ə m
egregore	ɛ ɡ ɹ ɪ ɡ ɔ ɹ
wider	w a ɪ d ɚ
meem	m i m
lester	l ɛ s t ɚ
shitmas	ʃ ɪ t m ə s
upshot	ʌ p ʃ ɑ t
trivia	t ɹ ɪ v i ə
inquired	ɪ n k w a ɪ ɹ d
temper	t ɛ m p ɚ
dragra	d ɹ ʌ ɡ ɹ ə
redargue	ɹ ɛ d ɑ ɹ ɡ j u
furosemide	f j ʊ ɹ o ʊ s ə m a ɪ d
zodiac	z o ʊ d ɪ æ k
diplotene	d ɪ p l ə t i n
burra	b ʌ ɹ ə
shipped	ʃ ɪ p t
penumbra	p ə n ʌ m b ɹ ə
zeitnot	z a ɪ t n ə t
ladino	l ə d i n o ʊ
machinery	m ə ʃ i n ə ɹ i
miscalibrate	m ɪ s k æ l ɪ b ɹ e ɪ t
vole	v o ʊ l
dunks	d ʌ ŋ k s
superstruct	s u p ə ɹ s t ɹ ʌ k t
vane	v e ɪ n
philomena	f ɪ l ə m i n ə
paracelsus	p æ ɹ ə s ɛ l s ə s
rakish	ɹ e ɪ k ɪ ʃ
okayish	o ʊ k e ɪ ɪ ʃ
fsck	f ʌ s k
incisively	ɪ n s a ɪ s ə v l i
ichthyosaurus	ɪ k θ i ə s ɔ ɹ ə s
seven	s ɛ v ə n
basement	b e ɪ s m ə n t
notoriety	n o ʊ t ɚ a ɪ ə t i
receptacle	ɹ ə s ɛ p t ə k ə l
remanent	ɹ ɛ m ə n ə n t
ebbs	ɛ b z
weight	w e ɪ t
automobile	ɔ t ə m o ʊ b i l
wop	w ɔ p
papa	p ɑ p ə
compounder	k ə m p a ʊ n d ə ɹ
sternum	s t ɝ n ə m
competitively	k ə m p ɛ t ɪ t ɪ v l i
temporarily	t ɛ m p ə ɹ ɛ ɹ ə l i
alfisol	æ l f ɪ s ɔ l
doxx	d ɑ k s
sepoy	s i p ɔ ɪ
eindhoven	a ɪ n d h o ʊ v ə n
carborundum	k ɑ ɹ b ə ɹ ʌ n d ə m
trashy	t ɹ æ ʃ i
pedophilia	p ɛ d ə f i l i ə
rubble	ɹ ʌ b ə l
cespitous	s ɛ s p ɪ t ə s
oversleep	o ʊ v ə ɹ s l i p
nondescript	n ɑ n d ə s k ɹ ɪ p t
victim	v ɪ k t ɪ m
auguste	a ʊ ɡ ʊ s t
buffon	b ʌ f ə n
imband	ɪ m b æ n d
maravedi	m æ ɹ ə v e ɪ d i
clam	k l æ m
spilth	s p ɪ l θ
stylesheet	s t a ɪ l ʃ i t
misperceptive	m ɪ s p ə ɹ s ɛ p t ɪ v
beckoning	b ɛ k ə n ɪ ŋ
oresund	ɜ ˞ s ʊ n d
blitz	b l ɪ t s
mers	m ɝ z
possessed	p ə z ɛ s t
quarter	k w ɔ ɹ t ɚ
spadassinicide	s p ɑ d ə s ɪ n ɪ s e ɪ d
drava	d ɹ ɑ v ə
insidious	ɪ n s ɪ d i ə s
sextiles	s ɛ k s t a ɪ l z
flavorsome	f l e ɪ v ɚ s ə m
eyelid	a ɪ l ɪ d
fenvalerate	f ɛ n v æ l ə ɹ e ɪ t
cense	s ɛ n s
induct	ɪ n d ʌ k t
whoomp	w u m p
doubt	d a ʊ t
hypercorrection	h a ɪ p ɚ k ə ɹ ɛ k ʃ ə n
theta	θ e ɪ t ə
jeggings	d͡ʒ ɛ ɡ ɪ ŋ z
tetratheism	t ɛ t ɹ ə θ i ɪ z ə m
jinks	d͡ʒ ɪ ŋ k s
titmouse	t ɪ t m a ʊ s
margot	m ɑ ɹ ɡ o ʊ
enascent	ɪ n æ s ə n t
cannock	k æ n ə k
strait	s t ɹ e ɪ t
phoenician	f ə n i ʃ ə n
mislay	m ɪ s l e ɪ
slubber	s l ʌ b ə ɹ
iota	a ɪ o ʊ t ə
temperance	t ɛ m p ə ɹ ə n s
mongolian	m ɔ ŋ ɡ o ʊ l i ə n
regmacarp	ɹ ɛ ɡ m ə k ɑ ɹ p
usher	ʌ ʃ ə ɹ
imping	ɪ m p ɪ ŋ
receptionist	ɹ ɪ s ɛ p ʃ ə n ɪ s t
miffed	m ɪ f t
midas	m a ɪ d ə s
annoyance	ə n ɔ ɪ ə n s
liberal	l ɪ b ə ɹ ə l
acrylamide	ə k ɹ ɪ l ə m a ɪ d
bending	b ɛ n d ɪ ŋ
wendigo	w ɛ n d i ɡ o ʊ
manicure	m æ n ɪ k j ʊ ɹ
playright	p l e j ɹ a j t
heinie	h a ɪ n i
ireland	a ɪ ə ɹ l ə n d
disbase	d ɪ s b e ɪ s
collecting	k ə l ɛ k t ɪ ŋ
backer	b æ k ə ɹ
naegleriasis	n ɛ ɡ l ə ɹ a ɪ ə s ɪ s
still	s t ɪ l
ataxy	e ɪ t æ k s i
denigrate	d ɛ n ɪ ɡ ɹ e ɪ t
clade	k l e ɪ d
microscopy	m a ɪ k ɹ ɔ s k ə p i
ouray	j ʊ ə ɹ e ɪ
fervor	f ɝ v ɚ
glossology	ɡ l ɔ s ɑ l ə d͡ʒ i
depoliticization	d i p ə l ɪ t ɪ s a ɪ z e ɪ ʃ ə n
prosciutto	p ɹ ə ʃ u t o ʊ
woodhen	w ʊ d h ɛ n
lemonade	l ɛ m ə n e ɪ d
eunice	j u n ɪ s
jumbo	d͡ʒ ʌ m b o ʊ
unsatisfactory	ʌ n s æ t ɪ s f æ k t ə ɹ i
peds	p i d z
creamy	k ɹ i m i
tralee	t ɹ æ l i
ditto	d ɪ t o ʊ
roving	ɹ o ʊ v ɪ ŋ
propofol	p ɹ o ʊ p ə f o ʊ l
clag	k l æ ɡ
rog	ɹ ɔ d͡ʒ
ajangle	ə d͡ʒ æ ŋ ɡ ə l
cyanophyte	s a ɪ ə n o ʊ f a ɪ t
psychiatrist	s a ɪ k a ɪ ə t ɹ ɪ s t
kindy	k ɪ n d i
receives	ɹ ɪ s i v z
puppies	p ʌ p i z
convinces	k ə n v ɪ n s ɪ z
icosahedra	a ɪ k ɔ s ə h i d ɹ ə
triennial	t ɹ a ɪ ɛ n ɪ ə l
anxiouser	æ ŋ k ʃ ə s ə ɹ
overrate	o ʊ v ə ɹ e ɪ t
hermetic	h ə ɹ m ɛ t ɪ k
breakings	b ɹ e ɪ k ɪ ŋ z
timeworn	t a ɪ m w ɔ ɹ n
monika	m ɔ n ɪ k ə
select	s ɪ l ɛ k t
crested	k ɹ ɛ s t ɪ d
distention	d ɪ s t ɛ n ʃ ə n
beauty	b j u t i
autotroph	ɔ ɾ ə t ɹ o ʊ f
mordecai	m ɔ ɹ d ə k a ɪ̯
ways	w e ɪ z
creeps	k ɹ i p s
colonize	k ɑ l ə n a ɪ z
responded	ɹ ə s p ɑ n d ɪ d
puns	p ʌ n z
sink	s ɪ ŋ k
ejective	i d͡ʒ ɛ k t ɪ v
comminate	k ɔ m ɪ n e ɪ t
vistula	v ɪ s t͡ʃ ʊ l ə
seiyuu	s e ɪ j u
lorchel	l ɔ ɹ k ə l
astrophilosophy	æ s t ɹ ə f ɪ l ɔ s ə f i
harmful	h ɑ ɹ m f l̩
strontian	s t ɹ ɔ n t i ə n
succade	s ə k e ɪ d
impeachment	i m p i t͡ʃ m ə n t
pricking	p ɹ ɪ k ɪ ŋ
commute	k ə m j u t
prunes	p ɹ u n z
possesses	p ə z ɛ s ɪ z
rue	ɹ u
limpid	l ɪ m p ɪ d
funemployed	f ʌ n ɪ m p l ɔ ɪ d
cupellation	k j u p ə l e ɪ ʃ ə n
clatsop	k l æ t s ə p
anion	æ n a ɪ ɑ n
inquire	ɪ n k w a ɪ ɹ
dared	d ɛ ɹ d
gratefully	ɡ ɹ e ɪ t f ə l i
gribenes	ɡ ɹ ɪ b ə n ə s
hannah	h æ n ə
iatrogenesis	a ɪ æ t ɹ o ʊ d͡ʒ ɛ n ɪ s ɪ s
ablatival	æ b l ə t a ɪ v l̩
dramata	d ɹ ɑ m ə t ə
deliver	d ɪ l ɪ v ɚ
felter	f ɛ l t ə ɹ
corgi	k ɔ ɹ ɡ i
denver	d ɛ n v ɚ
alcmene	æ l k m i n i
poser	p o ʊ z ɚ
opisthobranch	ɵ p ɪ s θ ə b ɹ æ ŋ k
alkin	ɔ l k ɪ n
feelefold	f i l f o ʊ l d
kooks	k u k s
bilk	b ɪ l k
dawlish	d ɔ l ɪ ʃ
ski	s k i
cradle	k ɹ e ɪ d ə l
ulsterette	ʌ l s t ə ɹ ɛ t
sweepstake	s w i p s t e ɪ k
coolibah	k u l ɪ b ɑ
tailbone	t e ɪ l b o ʊ n
xanthopsydracia	z æ n θ ɔ p s a ɪ d ɹ e ɪ ʃ i ə
hermitian	h ɜ ɹ m ɪ ʃ ə n
tension	t ɛ n ʃ ə n
aspheterism	æ s f ɛ t ə ɹ ɪ z ə m
borders	b ɔ ɹ d ə ɹ z
undervalue	ʌ n d ə ɹ v æ l j u
sandpit	s æ n d p ɪ t
snoring	s n ɔ ɹ ɪ ŋ
conveyals	k ə n v e ɪ ə l z
vulnerability	v ʌ l n ə ɹ ə b ɪ l ɪ t i
stye	s t a ɪ
canasta	k ə n æ s t ə
chandry	t͡ʃ æ n d r i
olympiad	ə l ɪ m p i æ d
dunham	d ʌ n ə m
brined	b ɹ a ɪ n d
darmstadtium	d ɑ ɹ m ʃ t ɑ t i ə m
lieberal	l a ɪ b ə ɹ ə l
ort	ɔ ɹ t
receiver	ɹ ə s i v ɚ
michaela	m ɪ k e ɪ l ə
yelps	j ɛ l p s
soubrette	s u b ɹ ɛ t
ham	h æ m
sotol	s o ʊ t o ʊ l
taffaty	t æ f ə t i
hosing	h o ʊ z ɪ ŋ
shieling	ʃ i l ɪ ŋ
pellow	p ɛ l o ʊ
tarantism	t æ ɹ ə n t ɪ z m
russian	ɹ ʌ ʃ ə n
shoaly	ʃ o ʊ l i
codes	k o ʊ d z
neologism	n i ɔ l ə d͡ʒ ɪ z ə m
snub	s n ʌ b
jigget	d͡ʒ ɪ ɡ ə t
quake	k w e ɪ k
eclaircissement	e ɪ k l ɛ ɹ s i s m ɔ̃ n
tuscan	t ʌ s k ə n
broody	b ɹ u d i
chevalier	ʃ ɛ v ə l ɪ ɹ
specialty	s p ɛ ʃ ə l t i
collation	k ə l e ɪ ʃ ə n
pygopodous	p a ɪ ɡ ɔ p ə d ə s
delivered	d ɪ l ɪ v ɚ d
boot	b u t
paducah	p ə d u k ə
curlew	k ɝ l u
pockets	p ɑ k ɪ t s
sleaze	s l i z
bicyclian	b a ɪ s ɪ k l i ə n
neolalia	n i o ʊ l e ɪ l i ə
placings	p l e ɪ s ɪ ŋ z
zaatar	z ɑ t ɑ ɹ
hackneyed	h æ k n i d
elagabalus	ɛ l ə ɡ æ b ə l ə s
untouched	ʌ n t ʌ t͡ʃ t
hiv	e ɪ t͡ʃ a ɪ v i
convinced	k ə n v ɪ n s t
piphilologist	p a ɪ f ɪ l ɑ l ə d͡ʒ ɪ s t
